{
  "accuracy": 0.9722,
  "precision": 1.0,
  "recall": 0.07333333333333333,
  "f1": 0.13664596273291926,
  "auc": 0.9984219931271477,
  "confusion_matrix": [
    [
      4850,
      0
    ],
    [
      139,
      11
    ]
  ]
}